{
    "loss": 1.3769439458847046,
    "accuracy": 0.5267747640609741
}